# control-sequence	role	source-binding
# Mined from LaTeXML 0.8.8 bindings (/usr/share/perl5/LaTeXML/Package)
# DefMath role=>/meaning=> declarations. Use: R14 lexeme classes +
# classification step 3 (standard math vocabulary with semantic roles).
@cd@bar@	ARROW	amscd.sty
@cd@equals@	ARROW	amscd.sty
@cd@vert@	ARROW	amscd.sty
@farcm	ID	aas_support.sty
@farcs	ID	aas_support.sty
@fd	ID	aas_support.sty
@fdg	ID	aas_support.sty
@fh	ID	aas_support.sty
@fm	ID	aas_support.sty
@fs	ID	aas_support.sty
@tens	ID	aa_support.sty
@vec	ID	aa_support.sty
And	ADDOP	amsmath.sty
Arrownot	RELOP	stmaryrd.sty
Arrowvert	VERTBAR	LaTeX.pool
Asterisk	MULOP	mathabx.sty
Bra	MEANING:bra	braket.sty
Bumpedeq	RELOP	mathabx.sty
Bumpeq	RELOP	amssymb.sty
Cap	ADDOP	amssymb.sty
Colonapprox	RELOP	mathtools.sty
Coloneq	RELOP	mathtools.sty
Coloneqq	RELOP	mathtools.sty
Colonsim	RELOP	mathtools.sty
Cset	ID	elsart_support.sty
Cup	ADDOP	amssymb.sty
DashV	RELOP	mathabx.sty
Dashv	RELOP	mathabx.sty
DiamondLeft	RELOP	txfonts.sty
DiamondRight	RELOP	txfonts.sty
DiamonddotLeft	RELOP	txfonts.sty
DiamonddotRight	RELOP	txfonts.sty
Diamonddotleft	RELOP	txfonts.sty
Diamonddotright	RELOP	txfonts.sty
Diamondleft	RELOP	txfonts.sty
Diamondright	RELOP	txfonts.sty
Doteq	RELOP	amssymb.sty
Downarrow	ARROW	TeX.pool
Eqcolon	RELOP	mathtools.sty
Eqqcolon	RELOP	mathtools.sty
Hset	ID	elsart_support.sty
Im	OPFUNCTION	TeX.pool
Join	RELOP	txfonts.sty
Ket	MEANING:ket	braket.sty
Langle	OPEN	mathbbol.sty
Lbag	OPEN	stmaryrd.sty
Lbrack	OPEN	mathbbol.sty
Leftarrow	ARROW	TeX.pool
Leftrightarrow	METARELOP	TeX.pool
Lleftarrow	ARROW	amssymb.sty
Longarrownot	RELOP	stmaryrd.sty
Longleftarrow	ARROW	TeX.pool
Longleftrightarrow	METARELOP	TeX.pool
Longmappedfrom	ARROW	txfonts.sty
Longmapsfrom	ARROW	stmaryrd.sty
Longmapsto	ARROW	stmaryrd.sty
Longmmappedfrom	ARROW	txfonts.sty
Longmmasto	ARROW	txfonts.sty
Longrightarrow	ARROW	TeX.pool
Lparen	OPEN	mathbbol.sty
Lsh	ARROW	amssymb.sty
Mappedfrom	ARROW	txfonts.sty
Mappedfromchar	RELOP	txfonts.sty
Mapsfrom	ARROW	stmaryrd.sty
Mapsfromchar	RELOP	stmaryrd.sty
Mapsto	ARROW	stmaryrd.sty
Mapstochar	RELOP	stmaryrd.sty
Mmappedfrom	ARROW	txfonts.sty
Mmapsto	ARROW	txfonts.sty
Mmapstochar	RELOP	txfonts.sty
Nearrow	ARROW	txfonts.sty
Nset	ID	elsart_support.sty
Nwarrow	ARROW	txfonts.sty
Perp	RELOP	txfonts.sty
Pr	OPFUNCTION	TeX.pool
Qset	ID	elsart_support.sty
Rangle	CLOSE	mathbbol.sty
Rbag	CLOSE	stmaryrd.sty
Rbrack	CLOSE	mathbbol.sty
Re	OPFUNCTION	TeX.pool
Relbar	RELOP	TeX.pool
Rightarrow	ARROW	TeX.pool
Rparen	CLOSE	mathbbol.sty
Rrightarrow	RELOP	txfonts.sty
Rset	ID	elsart_support.sty
Rsh	ARROW	amssymb.sty
SIUnitSymbolArcminute	MEANING:arcminute	siunitx.sty
SIUnitSymbolArcsecond	MEANING:arcsecond	siunitx.sty
SIUnitSymbolDegree	MEANING:arcdegree	siunitx.sty
Searrow	ARROW	txfonts.sty
Subset	RELOP	amssymb.sty
Supset	RELOP	amssymb.sty
Swarrow	ARROW	txfonts.sty
Tr	OPFUNCTION	iopart_support.sty
Uparrow	ARROW	TeX.pool
Updownarrow	ARROW	TeX.pool
VDash	RELOP	mathabx.sty
Vdash	RELOP	amssymb.sty
VvDash	RELOP	txfonts.sty
Vvdash	RELOP	amssymb.sty
Ydown	RELOP	stmaryrd.sty
Yleft	RELOP	stmaryrd.sty
Yright	RELOP	stmaryrd.sty
Yup	RELOP	stmaryrd.sty
Zset	ID	elsart_support.sty
acute	OVERACCENT	TeX.pool
amalg	MULOP	TeX.pool
and	ADDOP	AmSTeX.pool
approx	RELOP	TeX.pool
approxeq	RELOP	amssymb.sty
arccos	OPFUNCTION	TeX.pool
arcsin	OPFUNCTION	TeX.pool
arctan	OPFUNCTION	TeX.pool
arg	OPFUNCTION	TeX.pool
arrownot	RELOP	stmaryrd.sty
arrowvert	VERTBAR	LaTeX.pool
ast	MULOP	TeX.pool
asterisk	MULOP	mathabx.sty
asymp	RELOP	TeX.pool
backepsilon	RELOP	amssymb.sty
backsim	RELOP	amssymb.sty
backsimeq	RELOP	amssymb.sty
backslash	MULOP	TeX.pool
bar	OVERACCENT	TeX.pool
barin	ADDOP	mathabx.sty
barleftharpoon	ARROW	mathabx.sty
baro	RELOP	stmaryrd.sty
barrightharpoon	ARROW	mathabx.sty
barwedge	ADDOP	amssymb.sty
bbslash	RELOP	stmaryrd.sty
because	METARELOP	amssymb.sty
between	RELOP	amssymb.sty
bigast	MULOP	mathabx.sty
bigbox	SUMOP	stmaryrd.sty
bigboxbot	ADDOP	mathabx.sty
bigboxcirc	ADDOP	mathabx.sty
bigboxdiv	ADDOP	mathabx.sty
bigboxdot	MULOP	mathabx.sty
bigboxleft	ADDOP	mathabx.sty
bigboxminus	ADDOP	mathabx.sty
bigboxplus	ADDOP	mathabx.sty
bigboxright	ADDOP	mathabx.sty
bigboxtimes	MULOP	mathabx.sty
bigboxtop	ADDOP	mathabx.sty
bigboxtriangleup	ADDOP	mathabx.sty
bigcap	SUMOP	TeX.pool
bigcirc	MULOP	TeX.pool
bigcomplementop	BIGOP	mathabx.sty
bigcup	SUMOP	TeX.pool
bigcurlyvee	SUMOP	stmaryrd.sty
bigcurlywedge	SUMOP	stmaryrd.sty
biginterleave	SUMOP	stmaryrd.sty
bignplus	ADDOP	stmaryrd.sty
bigoasterisk	MULOP	mathabx.sty
bigodiv	ADDOP	mathabx.sty
bigodot	SUMOP	TeX.pool
bigoleft	ADDOP	mathabx.sty
bigominus	ADDOP	mathabx.sty
bigoplus	SUMOP	TeX.pool
bigoright	ADDOP	mathabx.sty
bigoslash	MULOP	mathabx.sty
bigotimes	SUMOP	TeX.pool
bigotop	ADDOP	mathabx.sty
bigotriangleup	ADDOP	mathabx.sty
bigparallel	SUMOP	stmaryrd.sty
bigplus	BIGOP	mathabx.sty
bigsqcap	SUMOP	stmaryrd.sty
bigsqcup	SUMOP	TeX.pool
bigstar	MULOP	mathabx.sty
bigtimes	MULOP	mathtools.sty
bigtriangledown	SUMOP	stmaryrd.sty
bigtriangleup	SUMOP	stmaryrd.sty
biguplus	SUMOP	TeX.pool
bigvarstar	MULOP	mathabx.sty
bigvee	SUMOP	TeX.pool
bigwedge	SUMOP	TeX.pool
binampersand	RELOP	stmaryrd.sty
bindnasrepma	RELOP	stmaryrd.sty
binom	MEANING:binomial	amsmath.sty
blackdiamond	MULOP	mathabx.sty
blacktriangledown	RELOP	mathabx.sty
blacktriangleleft	RELOP	amssymb.sty
blacktriangleright	RELOP	amssymb.sty
blacktriangleup	RELOP	mathabx.sty
bmod	MODIFIEROP	TeX.pool
bot	ADDOP	TeX.pool
botdoteq	RELOP	mathabx.sty
bowtie	RELOP	TeX.pool
boxLeft	RELOP	txfonts.sty
boxRight	RELOP	txfonts.sty
boxast	BINOP	stmaryrd.sty
boxbar	RELOP	stmaryrd.sty
boxbot	ADDOP	mathabx.sty
boxbox	BINOP	stmaryrd.sty
boxbslash	BINOP	stmaryrd.sty
boxcirc	ADDOP	mathabx.sty
boxcircle	BINOP	stmaryrd.sty
boxdiv	ADDOP	mathabx.sty
boxdot	MULOP	stmaryrd.sty
boxdotLeft	RELOP	txfonts.sty
boxdotRight	RELOP	txfonts.sty
boxdotleft	RELOP	txfonts.sty
boxdotright	RELOP	txfonts.sty
boxempty	RELOP	stmaryrd.sty
boxleft	RELOP	txfonts.sty
boxminus	ADDOP	amssymb.sty
boxplus	ADDOP	amssymb.sty
boxright	RELOP	txfonts.sty
boxslash	BINOP	stmaryrd.sty
boxtimes	MULOP	amssymb.sty
boxtop	ADDOP	mathabx.sty
boxtriangleup	ADDOP	mathabx.sty
bra	MEANING:bra	braket.sty
bracevert	VERTBAR	TeX.pool
breve	OVERACCENT	TeX.pool
bullet	MULOP	TeX.pool
bumpedeq	RELOP	mathabx.sty
bumpeq	RELOP	amssymb.sty
cap	ADDOP	TeX.pool
cdot	MULOP	TeX.pool
cdotp	MULOP	LaTeX.pool
cdots	ID	TeX.pool
centerdot	MULOP	amssymb.sty
check	OVERACCENT	TeX.pool
circ	MULOP	TeX.pool
circeq	RELOP	amssymb.sty
circlearrowleft	ARROW	amssymb.sty
circlearrowright	ARROW	amssymb.sty
circledast	MULOP	amssymb.sty
circledcirc	MULOP	amssymb.sty
circleddash	ADDOP	amssymb.sty
circleddotleft	RELOP	txfonts.sty
circleddotright	RELOP	txfonts.sty
circledgtr	RELOP	txfonts.sty
circledless	RELOP	txfonts.sty
circleleft	RELOP	txfonts.sty
circleright	RELOP	txfonts.sty
circplus	MULOP	mathabx.sty
colon	METARELOP	TeX.pool
colonapprox	RELOP	mathtools.sty
coloneq	RELOP	mathtools.sty
coloneqq	RELOP	mathtools.sty
colonsim	RELOP	mathtools.sty
complement	MEANING:complement	amssymb.sty
cong	RELOP	TeX.pool
convolution	MULOP	mathabx.sty
coprod	SUMOP	TeX.pool
cor	RELOP	mn2e_support.sty
corresponds	RELOP	mathabx.sty
cos	TRIGFUNCTION	TeX.pool
cosh	TRIGFUNCTION	TeX.pool
cot	TRIGFUNCTION	TeX.pool
coth	TRIGFUNCTION	TeX.pool
crossproduct	MULOP	physics.sty
csc	TRIGFUNCTION	TeX.pool
cup	ADDOP	TeX.pool
curlyeqprec	RELOP	amssymb.sty
curlyeqsucc	RELOP	amssymb.sty
curlyvee	ADDOP	amssymb.sty
curlyveedownarrow	ARROW	stmaryrd.sty
curlyveeuparrow	ARROW	stmaryrd.sty
curlywedge	ADDOP	amssymb.sty
curlywedgedownarrow	ARROW	stmaryrd.sty
curlywedgeuparrow	ARROW	stmaryrd.sty
curvearrowbotright	ARROW	mathabx.sty
curvearrowleft	ARROW	amssymb.sty
curvearrowright	ARROW	amssymb.sty
d	DIFFOP	elsart_support.sty
dagger	MULOP	TeX.pool
dashV	RELOP	mathabx.sty
dashVv	RELOP	mathabx.sty
dasharrow	ARROW	amsfonts.sty
dashleftarrow	ARROW	amsfonts.sty
dashrightarrow	ARROW	amsfonts.sty
dashv	METARELOP	TeX.pool
dbinom	MEANING:binomial	amsmath.sty
dblcolon	RELOP	mathtools.sty
ddagger	MULOP	TeX.pool
ddddot	OVERACCENT	mathdots.sty
dddot	OVERACCENT	mathdots.sty
ddot	OVERACCENT	TeX.pool
ddots	ID	TeX.pool
deg	OPFUNCTION	TeX.pool
degree	RELOP	mathabx.sty
det	LIMITOP	TeX.pool
diamond	ADDOP	TeX.pool
dim	LIMITOP	TeX.pool
div	MULOP	TeX.pool
divdot	MULOP	mathabx.sty
divideontimes	MULOP	amssymb.sty
divides	RELOP	mathabx.sty
dlsh	ARROW	mathabx.sty
dot	OVERACCENT	TeX.pool
dotdiv	MULOP	mathabx.sty
doteq	RELOP	TeX.pool
doteqdot	RELOP	amssymb.sty
dotplus	ADDOP	amssymb.sty
dotproduct	MULOP	physics.sty
dotsb	ID	amsmath.sty
dotsc	ID	amsmath.sty
dotsi	ID	amsmath.sty
dotsint	INTOP	esint.sty
dotsintop	INTOP	esint.sty
dotsm	ID	amsmath.sty
dotso	ID	amsmath.sty
dottimes	MULOP	mathabx.sty
doublebarwedge	ADDOP	amssymb.sty
doublecap	ADDOP	amssymb.sty
doublecup	ADDOP	amssymb.sty
downarrow	ARROW	TeX.pool
downdownarrows	ARROW	amssymb.sty
downdownharpoons	ARROW	mathabx.sty
downharpoonleft	ARROW	amssymb.sty
downharpoonright	ARROW	amssymb.sty
downtouparrow	ARROW	mathabx.sty
downuparrows	ARROW	mathabx.sty
downupharpoons	ARROW	mathabx.sty
drsh	ARROW	mathabx.sty
e	ID	elsart_support.sty
emptyset	ID	TeX.pool
eqcirc	RELOP	amssymb.sty
eqcolon	RELOP	mathtools.sty
eqqcolon	RELOP	mathtools.sty
eqsim	RELOP	txfonts.sty
eqslantgtr	RELOP	amssymb.sty
eqslantless	RELOP	amssymb.sty
equiv	RELOP	TeX.pool
exists	BIGOP	TeX.pool
exp	OPFUNCTION	TeX.pool
fallingdotseq	RELOP	amssymb.sty
fatbslash	ARROW	stmaryrd.sty
fatsemi	RELOP	stmaryrd.sty
fatslash	ARROW	stmaryrd.sty
fint	INTOP	txfonts.sty
fintop	INTOP	txfonts.sty
forall	BIGOP	TeX.pool
fourth	RELOP	mathabx.sty
frown	RELOP	TeX.pool
ga	RELOP	mn2e_support.sty
gcd	OPFUNCTION	TeX.pool
geq	RELOP	TeX.pool
geqq	RELOP	amssymb.sty
geqslant	RELOP	mn2e_support.sty
getsto	ARROW	mn2e_support.sty
gg	RELOP	TeX.pool
ggcurly	RELOP	mathabx.sty
ggg	RELOP	amssymb.sty
gggtr	RELOP	amssymb.sty
gid	RELOP	mn2e_support.sty
gnapprox	RELOP	amssymb.sty
gneq	RELOP	amssymb.sty
gneqq	RELOP	amssymb.sty
gnsim	RELOP	amssymb.sty
goa	RELOP	mn2e_support.sty
grave	OVERACCENT	TeX.pool
grole	RELOP	mn2e_support.sty
gse	RELOP	mn2e_support.sty
gtrapprox	RELOP	amssymb.sty
gtrdot	RELOP	amssymb.sty
gtreqless	RELOP	amssymb.sty
gtreqqless	RELOP	amssymb.sty
gtrless	RELOP	amssymb.sty
gtrsim	RELOP	revsymb.sty
gvertneqq	RELOP	amssymb.sty
hash	RELOP	mathabx.sty
hat	OVERACCENT	TeX.pool
hbar	ID	TeX.pool
hom	OPFUNCTION	TeX.pool
hookleftarrow	ARROW	TeX.pool
hookrightarrow	ARROW	TeX.pool
hslash	ID	amssymb.sty
iddots	ID	mathdots.sty
idotsint	INTOP	txfonts.sty
idotsintop	INTOP	txfonts.sty
iff	METARELOP	TeX.pool
iiiint	INTOP	txfonts.sty
iiiintop	INTOP	txfonts.sty
iiint	INTOP	txfonts.sty
iiintop	INTOP	txfonts.sty
iint	INTOP	txfonts.sty
iintop	INTOP	txfonts.sty
impliedby	ARROW	amsmath.sty
implies	ARROW	amsmath.sty
in	RELOP	TeX.pool
inf	LIMITOP	TeX.pool
infty	ID	TeX.pool
injlim	LIMITOP	amsopn.sty
inplus	RELOP	stmaryrd.sty
int	INTOP	TeX.pool
intercal	ADDOP	amssymb.sty
interleave	RELOP	stmaryrd.sty
intop	INTOP	LaTeX.pool
ker	OPFUNCTION	TeX.pool
ket	MEANING:ket	braket.sty
lJoin	RELOP	txfonts.sty
lVert	OPEN	amsmath.sty
la	RELOP	mn2e_support.sty
land	ADDOP	TeX.pool
landdownint	INTOP	esint.sty
landdownintop	INTOP	esint.sty
landupint	INTOP	esint.sty
landupintop	INTOP	esint.sty
langle	OPEN	TeX.pool
lbag	OPEN	stmaryrd.sty
lceil	OPEN	TeX.pool
ldbrack	OPEN	mathabx.sty
ldotp	MULOP	LaTeX.pool
leadsto	ARROW	TeX.pool
leftarrow	ARROW	TeX.pool
leftarrowfill@	ARROW	amscd.sty
leftarrowtail	ARROW	amssymb.sty
leftarrowtriangle	ARROW	stmaryrd.sty
leftbarharpoon	ARROW	mathabx.sty
leftharpoondown	ARROW	TeX.pool
leftharpoonup	ARROW	TeX.pool
leftleftarrows	ARROW	amssymb.sty
leftleftharpoons	ARROW	mathabx.sty
leftrightarrow	METARELOP	TeX.pool
leftrightarroweq	ARROW	stmaryrd.sty
leftrightarrows	ARROW	amssymb.sty
leftrightarrowtriangle	ARROW	stmaryrd.sty
leftrightharpoon	ARROW	mathabx.sty
leftrightharpoons	ARROW	amssymb.sty
leftrightsquigarrow	ARROW	amssymb.sty
leftslice	RELOP	stmaryrd.sty
leftsquigarrow	RELOP	txfonts.sty
leftthreetimes	MULOP	amssymb.sty
lefttorightarrow	ARROW	mathabx.sty
leogr	RELOP	mn2e_support.sty
leq	RELOP	TeX.pool
leqq	RELOP	amssymb.sty
leqslant	RELOP	mn2e_support.sty
lessapprox	RELOP	amssymb.sty
lessdot	RELOP	amssymb.sty
lesseqgtr	RELOP	amssymb.sty
lesseqqgtr	RELOP	amssymb.sty
lessgtr	RELOP	amssymb.sty
lesssim	RELOP	revsymb.sty
lfloor	OPEN	TeX.pool
lg	OPFUNCTION	TeX.pool
lgroup	OPEN	TeX.pool
lhd	ADDOP	TeX.pool
lid	RELOP	mn2e_support.sty
lightning	ARROW	stmaryrd.sty
lim	LIMITOP	TeX.pool
liminf	LIMITOP	TeX.pool
limsup	LIMITOP	TeX.pool
ll	RELOP	TeX.pool
llbracket	OPEN	stmaryrd.sty
llceil	OPEN	stmaryrd.sty
llcurly	RELOP	mathabx.sty
llfloor	OPEN	stmaryrd.sty
lll	RELOP	amssymb.sty
llless	RELOP	amssymb.sty
llparenthesis	OPEN	stmaryrd.sty
lmoustache	OPEN	TeX.pool
ln	OPFUNCTION	TeX.pool
lnapprox	RELOP	amssymb.sty
lneq	RELOP	amssymb.sty
lneqq	RELOP	amssymb.sty
lnot	BIGOP	TeX.pool
lnsim	RELOP	amssymb.sty
loa	RELOP	mn2e_support.sty
loarrow	OVERACCENT	revsymb.sty
log	OPFUNCTION	TeX.pool
longarrownot	RELOP	stmaryrd.sty
longleftarrow	ARROW	TeX.pool
longleftrightarrow	METARELOP	TeX.pool
longmapsfrom	ARROW	stmaryrd.sty
longmapsto	ARROW	TeX.pool
longrightarrow	ARROW	TeX.pool
looparrowleft	ARROW	amssymb.sty
looparrowright	ARROW	amssymb.sty
lor	ADDOP	TeX.pool
lparen	OPEN	mathtools.sty
lrJoin	RELOP	txfonts.sty
lrtimes	RELOP	txfonts.sty
lse	RELOP	mn2e_support.sty
lshad	OPEN	iopart_support.sty
ltimes	MULOP	amssymb.sty
lvert	OPEN	amsmath.sty
lvertneqq	RELOP	amssymb.sty
lx@ApplyFunction	APPLYOP	TeX.pool
lx@Braket@	MEANING:expectation	braket.sty
lx@Braket@D	MEANING:inner-product	braket.sty
lx@Braket@DD	MEANING:quantum-operator-product	braket.sty
lx@Braket@DV	MEANING:quantum-operator-product	braket.sty
lx@Braket@V	MEANING:inner-product	braket.sty
lx@Braket@VD	MEANING:quantum-operator-product	braket.sty
lx@Braket@VV	MEANING:quantum-operator-product	braket.sty
lx@InvisibleComma	PUNCT	TeX.pool
lx@InvisiblePlus	ADDOP	TeX.pool
lx@InvisibleTimes	MULOP	TeX.pool
lx@Set@	MEANING:set	braket.sty
lx@ams@boldsymbol@cdot	MULOP	AmSTeX.pool
lx@ams@boldsymbol@lbrace	OPEN	AmSTeX.pool
lx@ams@boldsymbol@lbrack	OPEN	AmSTeX.pool
lx@ams@boldsymbol@prime	SUPOP	AmSTeX.pool
lx@ams@boldsymbol@rbrace	CLOSE	AmSTeX.pool
lx@ams@boldsymbol@rbrack	CLOSE	AmSTeX.pool
lx@ams@boldsymbol@surd	OPERATOR	AmSTeX.pool
lx@braket@	MEANING:expectation	braket.sty
lx@braket@D	MEANING:inner-product	braket.sty
lx@braket@DD	MEANING:quantum-operator-product	braket.sty
lx@braket@DV	MEANING:quantum-operator-product	braket.sty
lx@braket@V	MEANING:inner-product	braket.sty
lx@braket@VD	MEANING:quantum-operator-product	braket.sty
lx@braket@VV	MEANING:quantum-operator-product	braket.sty
lx@math@amp	ADDOP	TeX.pool
lx@math@dollar	OPERATOR	TeX.pool
lx@math@lbrace	OPEN	TeX.pool
lx@math@percent	POSTFIX	TeX.pool
lx@math@rbrace	CLOSE	TeX.pool
lx@mt@overbracket	OVERACCENT	mathtools.sty
lx@mt@underbracket	UNDERACCENT	mathtools.sty
lx@physics@iunit	MEANING:imaginary-unit	physics.sty
lx@proof@logical@and	ADDOP	proof.sty
lx@set@	MEANING:set	braket.sty
mappedfromchar	RELOP	txfonts.sty
mapsfrom	ARROW	stmaryrd.sty
mapsfromchar	RELOP	stmaryrd.sty
mapsto	ARROW	TeX.pool
mapstochar	ARROW	LaTeX.pool
math@overleftarrow	OVERACCENT	TeX.pool
math@overrightarrow	OVERACCENT	TeX.pool
math@underline	UNDERACCENT	TeX.pool
mathring	OVERACCENT	LaTeX.pool
max	OPFUNCTION	TeX.pool
merge	RELOP	stmaryrd.sty
mid	VERTBAR	TeX.pool
min	OPFUNCTION	TeX.pool
minuso	RELOP	stmaryrd.sty
mmapstochar	RELOP	txfonts.sty
mod	MODIFIEROP	amsmath.sty
models	RELOP	TeX.pool
mp	ADDOP	TeX.pool
multimap	ARROW	amssymb.sty
multimapboth	RELOP	txfonts.sty
multimapbothvert	RELOP	txfonts.sty
multimapdot	RELOP	txfonts.sty
multimapdotboth	RELOP	txfonts.sty
multimapdotbothA	RELOP	txfonts.sty
multimapdotbothAvert	RELOP	txfonts.sty
multimapdotbothB	RELOP	txfonts.sty
multimapdotbothBvert	RELOP	txfonts.sty
multimapdotinv	RELOP	txfonts.sty
multimapinv	RELOP	txfonts.sty
nBumpeq	RELOP	txfonts.sty
nDashV	RELOP	mathabx.sty
nDashv	RELOP	mathabx.sty
nLeftarrow	ARROW	amssymb.sty
nLeftrightarrow	ARROW	amssymb.sty
nRightarrow	ARROW	amssymb.sty
nSubset	RELOP	txfonts.sty
nSupset	RELOP	txfonts.sty
nVDash	RELOP	amssymb.sty
nVdash	RELOP	txfonts.sty
nVvash	RELOP	mathabx.sty
nabla	OPERATOR	TeX.pool
napprox	RELOP	txfonts.sty
napproxeq	RELOP	txfonts.sty
nasymp	RELOP	txfonts.sty
nbacksim	RELOP	txfonts.sty
nbacksimeq	RELOP	txfonts.sty
nbumpeq	RELOP	txfonts.sty
ncong	RELOP	amssymb.sty
ncurlyeqprec	RELOP	mathabx.sty
ncurlyeqsucc	RELOP	mathabx.sty
ndashV	RELOP	mathabx.sty
ndashv	RELOP	mathabx.sty
ndownarrow	ARROW	mathtools.sty
nearrow	ARROW	TeX.pool
neg	BIGOP	TeX.pool
neq	RELOP	TeX.pool
neqslantgtr	RELOP	mathabx.sty
neqslantless	RELOP	mathabx.sty
nequiv	RELOP	txfonts.sty
nexists	FUNCTION	amssymb.sty
ngeq	RELOP	amssymb.sty
ngeqq	RELOP	amssymb.sty
ngeqslant	RELOP	amssymb.sty
ngg	RELOP	txfonts.sty
ngtr	RELOP	amssymb.sty
ngtrapprox	RELOP	txfonts.sty
ngtrless	RELOP	txfonts.sty
ngtrsim	RELOP	txfonts.sty
ni	RELOP	TeX.pool
niplus	RELOP	stmaryrd.sty
nleftarrow	ARROW	amssymb.sty
nleftrightarrow	ARROW	amssymb.sty
nleq	RELOP	amssymb.sty
nleqq	RELOP	amssymb.sty
nleqslant	RELOP	amssymb.sty
nless	RELOP	amssymb.sty
nlessapprox	RELOP	txfonts.sty
nlessgtr	RELOP	txfonts.sty
nlesssim	RELOP	txfonts.sty
nll	RELOP	txfonts.sty
nmid	RELOP	amssymb.sty
nnearrow	ARROW	stmaryrd.sty
nnwarrow	ARROW	stmaryrd.sty
not	OPFUNCTION	TeX.pool
notasymp	RELOP	mathabx.sty
notbot	ADDOP	mathabx.sty
notdivides	RELOP	mathabx.sty
notin	RELOP	txfonts.sty
notni	RELOP	txfonts.sty
notowner	RELOP	mathabx.sty
notowns	RELOP	txfonts.sty
notperp	RELOP	mathabx.sty
notsign	OPERATOR	mathabx.sty
nottop	ADDOP	mathabx.sty
nparallel	RELOP	amssymb.sty
nplus	ADDOP	stmaryrd.sty
nprec	RELOP	amssymb.sty
nprecapprox	RELOP	txfonts.sty
npreccurlyeq	RELOP	txfonts.sty
npreceq	RELOP	amssymb.sty
npreceqq	RELOP	txfonts.sty
nprecsim	RELOP	txfonts.sty
nrightarrow	ARROW	amssymb.sty
nshortmid	RELOP	amssymb.sty
nshortparallel	RELOP	amssymb.sty
nsim	RELOP	amssymb.sty
nsimeq	RELOP	txfonts.sty
nsqsubset	RELOP	txfonts.sty
nsqsubseteq	RELOP	txfonts.sty
nsqsubseteqq	RELOP	mathabx.sty
nsqsupset	RELOP	txfonts.sty
nsqsupseteq	RELOP	txfonts.sty
nsqsupseteqq	RELOP	mathabx.sty
nsubset	RELOP	txfonts.sty
nsubseteq	RELOP	amssymb.sty
nsubseteqq	RELOP	txfonts.sty
nsucc	RELOP	amssymb.sty
nsuccapprox	RELOP	txfonts.sty
nsucccurlyeq	RELOP	txfonts.sty
nsucceq	RELOP	amssymb.sty
nsucceqq	RELOP	txfonts.sty
nsuccsim	RELOP	txfonts.sty
nsupset	RELOP	txfonts.sty
nsupseteq	RELOP	amssymb.sty
nsupseteqq	RELOP	amssymb.sty
nthickapprox	RELOP	txfonts.sty
ntriangleleft	RELOP	amssymb.sty
ntrianglelefteq	RELOP	amssymb.sty
ntrianglelefteqslant	RELOP	stmaryrd.sty
ntriangleright	RELOP	amssymb.sty
ntrianglerighteq	RELOP	amssymb.sty
ntrianglerighteqslant	RELOP	stmaryrd.sty
ntwoheadleftarrow	RELOP	txfonts.sty
ntwoheadrightarrow	RELOP	txfonts.sty
nuparrow	ARROW	mathtools.sty
nvDash	RELOP	amssymb.sty
nvdash	RELOP	amssymb.sty
nvparallel	RELOP	txfonts.sty
nvparallelinv	RELOP	txfonts.sty
nwarrow	ARROW	TeX.pool
oasterisk	MULOP	mathabx.sty
obar	RELOP	stmaryrd.sty
oblong	RELOP	stmaryrd.sty
obslash	RELOP	stmaryrd.sty
odiv	ADDOP	mathabx.sty
odot	MULOP	TeX.pool
ogreaterthan	RELOP	stmaryrd.sty
oiiint	INTOP	txfonts.sty
oiiintclockwise	INTOP	txfonts.sty
oiiintclockwiseop	INTOP	txfonts.sty
oiiintctrclockwise	INTOP	txfonts.sty
oiiintctrclockwiseop	INTOP	txfonts.sty
oiiintop	INTOP	txfonts.sty
oiint	INTOP	txfonts.sty
oiintclockwise	INTOP	txfonts.sty
oiintclockwiseop	INTOP	txfonts.sty
oiintctrclockwise	INTOP	txfonts.sty
oiintctrclockwiseop	INTOP	txfonts.sty
oiintop	INTOP	txfonts.sty
oint	INTOP	esint.sty
ointclockwise	INTOP	txfonts.sty
ointclockwiseop	INTOP	txfonts.sty
ointctrclockwise	INTOP	txfonts.sty
ointctrclockwiseop	INTOP	txfonts.sty
ointop	INTOP	LaTeX.pool
oleft	ADDOP	mathabx.sty
olessthan	RELOP	stmaryrd.sty
ominus	ADDOP	TeX.pool
openJoin	RELOP	txfonts.sty
opentimes	RELOP	txfonts.sty
oplus	ADDOP	TeX.pool
ordinarycolon	RELOP	mathtools.sty
oright	ADDOP	mathabx.sty
oslash	MULOP	TeX.pool
otimes	MULOP	TeX.pool
otop	ADDOP	mathabx.sty
otriangleup	ADDOP	mathabx.sty
ovee	RELOP	stmaryrd.sty
overLeftRightarrow	OVERACCENT	mathabx.sty
overLeftarrow	OVERACCENT	mathabx.sty
overRightarrow	OVERACCENT	mathabx.sty
overanglebracket	OVERACCENT	actuarialangle.sty
overbrace	OVERACCENT	TeX.pool
overcirc	OVERACCENT	revsymb.sty
overgroup	OVERACCENT	mathabx.sty
overleftrightarrow	OVERACCENT	mathabx.sty
overline	OVERACCENT	TeX.pool
overstar	OVERACCENT	revsymb.sty
owedge	RELOP	stmaryrd.sty
owns	RELOP	LaTeX.pool
ownsbar	ADDOP	mathabx.sty
parallel	VERTBAR	TeX.pool
partial	DIFFOP	TeX.pool
partialslash	OPERATOR	mathabx.sty
perp	RELOP	TeX.pool
pitchfork	RELOP	amssymb.sty
pluscirc	MULOP	mathabx.sty
pm	ADDOP	TeX.pool
pod	MODIFIER	amsmath.sty
pol	OVERACCENT	elsart_support.sty
prec	RELOP	TeX.pool
precapprox	RELOP	amssymb.sty
preccurlyeq	RELOP	amssymb.sty
precdot	RELOP	mathabx.sty
preceq	RELOP	TeX.pool
preceqq	RELOP	txfonts.sty
precnapprox	RELOP	amssymb.sty
precneq	RELOP	mathabx.sty
precneqq	RELOP	txfonts.sty
precnsim	RELOP	amssymb.sty
precsim	RELOP	revsymb.sty
prime	SUPOP	TeX.pool
prod	SUMOP	TeX.pool
projlim	LIMITOP	amsopn.sty
propto	RELOP	TeX.pool
rJoin	RELOP	txfonts.sty
rVert	CLOSE	amsmath.sty
rangle	CLOSE	TeX.pool
rbag	CLOSE	stmaryrd.sty
rceil	CLOSE	TeX.pool
rdbrack	CLOSE	mathabx.sty
relbar	RELOP	TeX.pool
restriction	ARROW	amssymb.sty
rfloor	CLOSE	TeX.pool
rgroup	CLOSE	TeX.pool
rhd	ADDOP	TeX.pool
rightarrow	ARROW	TeX.pool
rightarrowfill@	ARROW	amscd.sty
rightarrowtail	ARROW	amssymb.sty
rightarrowtriangle	ARROW	stmaryrd.sty
rightbarharpoon	ARROW	mathabx.sty
rightharpoondown	ARROW	TeX.pool
rightharpoonup	ARROW	TeX.pool
rightleftarrows	ARROW	amssymb.sty
rightleftharpoon	ARROW	mathabx.sty
rightleftharpoons	METARELOP	TeX.pool
rightrightarrows	ARROW	amssymb.sty
rightrightharpoons	ARROW	mathabx.sty
rightslice	RELOP	stmaryrd.sty
rightsquigarrow	ARROW	mathabx.sty
rightthreetimes	MULOP	amssymb.sty
righttoleftarrow	ARROW	mathabx.sty
ring	OVERACCENT	accents.sty
risingdotseq	RELOP	amssymb.sty
rmd	DIFFOP	iopart_support.sty
rme	ID	iopart_support.sty
rmi	ID	iopart_support.sty
rmoustache	OPEN	TeX.pool
roarrow	OVERACCENT	revsymb.sty
rparen	CLOSE	mathtools.sty
rrbracket	CLOSE	stmaryrd.sty
rrceil	CLOSE	stmaryrd.sty
rrfloor	CLOSE	stmaryrd.sty
rrparenthesis	ARROW	stmaryrd.sty
rshad	CLOSE	iopart_support.sty
rtimes	MULOP	amssymb.sty
rvert	CLOSE	amsmath.sty
searrow	ARROW	TeX.pool
sec	TRIGFUNCTION	TeX.pool
second	RELOP	mathabx.sty
sen	TRIGFUNCTION	texvc.sty
setminus	ADDOP	TeX.pool
sgn	OPFUNCTION	texvc.sty
shortdownarrow	ARROW	stmaryrd.sty
shortleftarrow	ARROW	stmaryrd.sty
shortmid	RELOP	amssymb.sty
shortparallel	RELOP	amssymb.sty
shortrightarrow	ARROW	stmaryrd.sty
shortuparrow	ARROW	stmaryrd.sty
sim	RELOP	TeX.pool
simeq	RELOP	TeX.pool
sin	TRIGFUNCTION	TeX.pool
sinh	TRIGFUNCTION	TeX.pool
smallfrown	RELOP	amssymb.sty
smallint	INTOP	TeX.pool
smallsetminus	ADDOP	amssymb.sty
smallsmile	RELOP	amssymb.sty
smalltriangledown	RELOP	mathabx.sty
smalltriangleleft	RELOP	mathabx.sty
smalltriangleright	RELOP	mathabx.sty
smalltriangleup	RELOP	mathabx.sty
smile	RELOP	TeX.pool
sog	RELOP	mn2e_support.sty
sol	RELOP	mn2e_support.sty
sprod	SUMOP	mathabx.sty
sqbullet	MULOP	mathabx.sty
sqcap	ADDOP	TeX.pool
sqcup	ADDOP	TeX.pool
sqdoublecap	ADDOP	mathabx.sty
sqdoublecup	ADDOP	mathabx.sty
sqiint	INTOP	esint.sty
sqiintop	INTOP	esint.sty
sqint	INTOP	txfonts.sty
sqintop	INTOP	esint.sty
sqsubset	RELOP	TeX.pool
sqsubseteq	RELOP	TeX.pool
sqsubseteqq	RELOP	mathabx.sty
sqsubsetneq	RELOP	mathabx.sty
sqsupset	RELOP	TeX.pool
sqsupseteq	RELOP	TeX.pool
sqsupseteqq	RELOP	mathabx.sty
sqsupsetneq	RELOP	mathabx.sty
square	MULOP	mathabx.sty
ssearrow	ARROW	stmaryrd.sty
sslash	RELOP	stmaryrd.sty
ssum	SUMOP	mathabx.sty
sswarrow	ARROW	stmaryrd.sty
star	MULOP	TeX.pool
strictfi	RELOP	txfonts.sty
strictif	RELOP	txfonts.sty
strictiff	RELOP	txfonts.sty
subset	RELOP	TeX.pool
subseteq	RELOP	TeX.pool
subseteqq	RELOP	amssymb.sty
subsetneq	RELOP	amssymb.sty
subsetneqq	RELOP	amssymb.sty
subsetplus	RELOP	stmaryrd.sty
subsetpluseq	RELOP	stmaryrd.sty
succ	RELOP	TeX.pool
succapprox	RELOP	amssymb.sty
succcurlyeq	RELOP	amssymb.sty
succdot	RELOP	mathabx.sty
succeq	RELOP	TeX.pool
succeqq	RELOP	txfonts.sty
succnapprox	RELOP	amssymb.sty
succneq	RELOP	mathabx.sty
succneqq	RELOP	txfonts.sty
succnsim	RELOP	amssymb.sty
succsim	RELOP	revsymb.sty
sum	SUMOP	TeX.pool
sup	LIMITOP	TeX.pool
supset	RELOP	TeX.pool
supseteq	RELOP	TeX.pool
supseteqq	RELOP	amssymb.sty
supsetneq	RELOP	amssymb.sty
supsetneqq	RELOP	amssymb.sty
supsetplus	RELOP	stmaryrd.sty
supsetpluseq	RELOP	stmaryrd.sty
surd	OPERATOR	TeX.pool
swarrow	ARROW	TeX.pool
talloblong	RELOP	stmaryrd.sty
tan	TRIGFUNCTION	TeX.pool
tanh	TRIGFUNCTION	TeX.pool
tbinom	MEANING:binomial	amsmath.sty
tdot	OVERACCENT	iopart_support.sty
tensor	OVERACCENT	revsymb.sty
therefore	METARELOP	amssymb.sty
thickapprox	RELOP	amssymb.sty
thicksim	RELOP	amssymb.sty
thickvert	MID	mathabx.sty
third	RELOP	mathabx.sty
tilde	OVERACCENT	TeX.pool
times	MULOP	TeX.pool
to	ARROW	TeX.pool
top	ADDOP	TeX.pool
topdoteq	RELOP	mathabx.sty
tr	OPFUNCTION	iopart_support.sty
triangleleft	ADDOP	TeX.pool
trianglelefteqslant	RELOP	stmaryrd.sty
triangleq	RELOP	revsymb.sty
triangleright	ADDOP	TeX.pool
trianglerighteqslant	RELOP	stmaryrd.sty
twoheadleftarrow	ARROW	amssymb.sty
twoheadrightarrow	ARROW	amssymb.sty
udot	MULOP	mathabx.sty
underLeftRightarrow	UNDERACCENT	mathabx.sty
underLeftarrow	UNDERACCENT	mathabx.sty
underRightarrow	UNDERACCENT	mathabx.sty
underbrace	UNDERACCENT	TeX.pool
undergroup	UNDERACCENT	mathabx.sty
underleftarrow	UNDERACCENT	mathabx.sty
underleftrightarrow	UNDERACCENT	mathabx.sty
underrightarrow	UNDERACCENT	mathabx.sty
undertilde	UNDERACCENT	accents.sty
unlhd	ADDOP	TeX.pool
unrhd	ADDOP	TeX.pool
uparrow	ARROW	TeX.pool
updownarrow	ARROW	TeX.pool
updownarrows	ARROW	mathabx.sty
updownharpoons	ARROW	mathabx.sty
upharpoonleft	ARROW	amssymb.sty
upharpoonright	ARROW	amssymb.sty
uplus	ADDOP	TeX.pool
uptodownarrow	ARROW	mathabx.sty
upuparrows	ARROW	amssymb.sty
upupharpoons	ARROW	mathabx.sty
utilde	UNDERACCENT	undertilde.sty
vDash	RELOP	amssymb.sty
varbigcirc	MULOP	stmaryrd.sty
varcurlyvee	RELOP	stmaryrd.sty
varcurlywedge	RELOP	stmaryrd.sty
varhash	RELOP	mathabx.sty
varinjlim	LIMITOP	amsopn.sty
varliminf	LIMITOP	amsopn.sty
varlimsup	LIMITOP	amsopn.sty
varnothing	ID	amssymb.sty
varnotsign	OPERATOR	mathabx.sty
varoast	MULOP	stmaryrd.sty
varobar	RELOP	stmaryrd.sty
varobslash	MULOP	stmaryrd.sty
varocircle	MULOP	stmaryrd.sty
varodot	MULOP	stmaryrd.sty
varogreaterthan	RELOP	stmaryrd.sty
varoiiintclockwise	INTOP	txfonts.sty
varoiiintclockwiseop	INTOP	txfonts.sty
varoiiintctrclockwise	INTOP	txfonts.sty
varoiiintctrclockwiseop	INTOP	txfonts.sty
varoiint	INTOP	esint.sty
varoiintclockwise	INTOP	txfonts.sty
varoiintclockwiseop	INTOP	txfonts.sty
varoiintctrclockwise	INTOP	txfonts.sty
varoiintctrclockwiseop	INTOP	txfonts.sty
varoiintop	INTOP	esint.sty
varointclockwise	INTOP	txfonts.sty
varointclockwiseop	INTOP	txfonts.sty
varointctrclockwise	INTOP	txfonts.sty
varointctrclockwiseop	INTOP	txfonts.sty
varolessthan	RELOP	stmaryrd.sty
varominus	ADDOP	stmaryrd.sty
varoplus	ADDOP	stmaryrd.sty
varoslash	RELOP	stmaryrd.sty
varotimes	MULOP	stmaryrd.sty
varovee	RELOP	stmaryrd.sty
varowedge	RELOP	stmaryrd.sty
varparallel	RELOP	txfonts.sty
varparallelinv	RELOP	txfonts.sty
varprojlim	LIMITOP	amsopn.sty
varpropto	RELOP	amssymb.sty
varstar	MULOP	mathabx.sty
varsubsetneq	RELOP	amssymb.sty
varsubsetneqq	RELOP	amssymb.sty
varsupsetneq	RELOP	amssymb.sty
varsupsetneqq	RELOP	amssymb.sty
vartimes	MULOP	stmaryrd.sty
vcentcolon	RELOP	mathtools.sty
vdash	METARELOP	TeX.pool
vec	OVERACCENT	TeX.pool
vee	ADDOP	TeX.pool
veebar	ADDOP	amssymb.sty
veedoublebar	ADDOP	mathabx.sty
vvvert	MID	mathabx.sty
wedge	ADDOP	TeX.pool
widearrow	OVERACCENT	mathabx.sty
widebar	OVERACCENT	mathabx.sty
widecheck	OVERACCENT	mathabx.sty
widehat	OVERACCENT	TeX.pool
wideparen	OVERACCENT	mathabx.sty
widetilde	OVERACCENT	TeX.pool
wr	MULOP	TeX.pool
